family,display_name,model_id,model,endpoint,api,scope,region,prompt_size,cache,tier,requested,succeeded,failed,excluded,cache_hit_rate,mean_input_tokens,mean_output_tokens,ttft_n,ttft_p50,ttft_p90,ttft_p95,ttft_p99,ttft_mean,ttfat_n,ttfat_p50,ttfat_p90,ttfat_p95,ttfat_p99,ttfat_mean,e2e_n,e2e_p50,e2e_p90,e2e_p95,e2e_p99,e2e_mean,itl_n,itl_p50,itl_p90,itl_p95,itl_p99,itl_mean,output_tps_n,output_tps_p50,output_tps_p90,output_tps_p95,output_tps_p99,output_tps_mean
Moonshot AI,Kimi K3,us.moonshotai.kimi-k3,moonshotai.kimi-k3,runtime,responses,geo,us-east-1,small,cold,default,10,9,1,,0.0,1341.6666666666667,198.0,9,1.2657303440028045,4.038838722201036,5.194207952601572,6.118503336922004,2.1390253444450433,9,1.2657303440028045,4.038838722201036,5.194207952601572,6.118503336922004,2.1390253444450433,9,4.426843709999957,6.942548424801498,7.864840698400803,8.602674517280247,4.524354259000877,9,0.009634607861652163,0.018499134037586757,0.018931781130122678,0.019277898804151417,0.011923412030930218,9,103.7924962135945,130.23638749342555,164.51514489880643,191.93815082311116,98.79282827543587
Moonshot AI,Kimi K3,us.moonshotai.kimi-k3,moonshotai.kimi-k3,runtime,responses,geo,us-east-1,small,cold,flex,10,9,1,,0.0,1367.0,96.66666666666667,9,8.356554353998945,94.51698150559753,145.15350528479826,185.66272430815894,35.81973961233315,9,8.356554353998945,94.51698150559753,145.15350528479826,185.66272430815894,35.81973961233315,9,8.420410294002068,97.2939444113996,146.60576947820005,186.0552295316405,36.32817248622288,9,0.0008090118222349298,0.01234288751017517,0.026402692355100534,0.03765053623104085,0.005739901166065061,9,1236.0758798770792,1555.4438467980835,1565.6019921279901,1573.7285083919153,1029.4186590439094
Moonshot AI,Kimi K3,us.moonshotai.kimi-k3,moonshotai.kimi-k3,runtime,responses,geo,us-east-1,small,cold,priority,10,9,1,,0.0,1350.4444444444443,121.11111111111111,9,0.912038862999907,1.0142670462009846,1.0172535066012642,1.019642674921488,0.933950494889157,9,0.912038862999907,1.0142670462009846,1.0172535066012642,1.019642674921488,0.933950494889157,9,2.403634067999519,4.6378763104003164,6.708313601200642,8.364663433840905,3.0710377510004037,9,0.010915920045425248,0.027345054455358394,0.04074463046379201,0.05146429127053893,0.016701919647329064,9,91.60931885160609,104.15229447151447,107.76790933407644,110.660401224126,80.79445331420273
Moonshot AI,Kimi K3,us.moonshotai.kimi-k3,moonshotai.kimi-k3,runtime,responses,geo,us-east-1,small,warm_implicit,default,10,10,0,warm_miss=10,0.0,,,0,,,,,,0,,,,,,0,,,,,,0,,,,,,0,,,,,
Moonshot AI,Kimi K3,us.moonshotai.kimi-k3,moonshotai.kimi-k3,runtime,responses,geo,us-east-1,small,warm_implicit,flex,10,10,0,warm_miss=10,0.0,,,0,,,,,,0,,,,,,0,,,,,,0,,,,,,0,,,,,
Moonshot AI,Kimi K3,us.moonshotai.kimi-k3,moonshotai.kimi-k3,runtime,responses,geo,us-east-1,small,warm_implicit,priority,10,10,0,warm_miss=10,0.0,,,0,,,,,,0,,,,,,0,,,,,,0,,,,,,0,,,,,
Moonshot AI,Kimi K3,us.moonshotai.kimi-k3,moonshotai.kimi-k3,runtime,responses,geo,us-east-1,medium,cold,default,10,10,0,,0.0,8398.3,121.3,10,1.4909905760014226,1.7575259633998939,1.7577733842010275,1.7579713208419343,1.5455013098002381,10,1.4909905760014226,1.7575259633998939,1.7577733842010275,1.7579713208419343,1.5455013098002381,10,2.395051268500538,2.6894827583011645,2.8395758631500936,2.9596503470292372,2.4100196247003622,10,0.0072851305622811495,0.00871987626991702,0.009980614405795575,0.010989204914498422,0.0072137541057157775,10,137.5302585268999,193.48874016638325,198.8042464525725,203.05665148152391,148.01471684522795
Moonshot AI,Kimi K3,us.moonshotai.kimi-k3,moonshotai.kimi-k3,runtime,responses,geo,us-east-1,medium,cold,flex,10,10,0,,0.0,8415.7,137.0,10,2.493862456001807,2.7216787589997695,2.726931937498739,2.7311344802979147,2.450524919800955,10,2.493862456001807,2.7216787589997695,2.726931937498739,2.7311344802979147,2.450524919800955,10,2.610706489002041,3.3030660365016957,3.370042081249994,3.423622917048633,2.680966676900789,10,0.0008376987306805042,0.003924598485932472,0.0054029011369008985,0.006585543257675647,0.0017421050779999948,10,1194.3583387628155,1294.5039414076884,1450.32597465347,1574.9836012500957,995.4334364925766
Moonshot AI,Kimi K3,us.moonshotai.kimi-k3,moonshotai.kimi-k3,runtime,responses,geo,us-east-1,medium,cold,priority,10,10,0,,0.0,8398.5,99.3,10,1.5029729660000157,1.6526306926974939,1.6902622113486359,1.7203674262695494,1.5242817893999017,10,1.5029729660000157,1.6526306926974939,1.6902622113486359,1.7203674262695494,1.5242817893999017,10,1.9558884529997158,2.7463717901999187,2.842723257599937,2.9198044315199514,2.0892814226001066,10,0.004592025506945497,0.009068015716896246,0.010161429627665088,0.011036160756280167,0.0051033791352420406,10,219.8660175224089,677.8119652492479,744.2073509832348,797.3236595704248,305.21287280454
Moonshot AI,Kimi K3,us.moonshotai.kimi-k3,moonshotai.kimi-k3,runtime,responses,geo,us-east-1,medium,warm_implicit,default,10,10,0,warm_miss=10,0.0,,,0,,,,,,0,,,,,,0,,,,,,0,,,,,,0,,,,,
Moonshot AI,Kimi K3,us.moonshotai.kimi-k3,moonshotai.kimi-k3,runtime,responses,geo,us-east-1,medium,warm_implicit,flex,10,10,0,warm_miss=10,0.0,,,0,,,,,,0,,,,,,0,,,,,,0,,,,,,0,,,,,
Moonshot AI,Kimi K3,us.moonshotai.kimi-k3,moonshotai.kimi-k3,runtime,responses,geo,us-east-1,medium,warm_implicit,priority,10,10,0,warm_miss=10,0.0,,,0,,,,,,0,,,,,,0,,,,,,0,,,,,,0,,,,,
Moonshot AI,Kimi K3,us.moonshotai.kimi-k3,moonshotai.kimi-k3,runtime,chat_completions,geo,us-east-1,small,cold,default,10,10,0,,0.0,1356.2,130.8,10,1.2370229849984753,2.2387143740979805,2.675948185048582,3.025735233809064,1.5340073719002247,10,1.2370229849984753,2.2387143740979805,2.675948185048582,3.025735233809064,1.5340073719002247,10,3.307049150998864,3.8507329742988077,4.026648460649994,4.167380849730944,2.8550926556996274,10,0.008103350741856597,0.014267118247907168,0.0155194999360079,0.016521405286488492,0.009605768586081684,10,125.55110419280584,182.01785739936298,189.18256651261237,194.91433380321192,122.82668174696448
Moonshot AI,Kimi K3,us.moonshotai.kimi-k3,moonshotai.kimi-k3,runtime,chat_completions,geo,us-east-1,small,cold,flex,10,10,0,,0.0,1331.1,137.7,10,2.77318192849998,16.15543600919954,26.150700803101223,34.1469126382226,7.163083272900257,10,2.77318192849998,16.15543600919954,26.150700803101223,34.1469126382226,7.163083272900257,10,3.299258714499956,16.99907286089946,26.60657700495101,34.292580320192286,7.827855252299924,10,0.0008340856191797112,0.006918849074101636,0.02083504240755994,0.03196799707432663,0.00455775655306782,10,1199.1715936389355,1524.2047846452979,1537.052426644206,1547.3305402433325,1002.4486519980898
Moonshot AI,Kimi K3,us.moonshotai.kimi-k3,moonshotai.kimi-k3,runtime,chat_completions,geo,us-east-1,small,cold,priority,10,10,0,,0.0,1348.9,145.1,10,0.9128265345025284,2.60646790819919,5.686559891600147,8.150633478320925,1.785612270400452,10,0.9128265345025284,2.60646790819919,5.686559891600147,8.150633478320925,1.785612270400452,10,2.2563621919998695,6.117781671200644,7.824235303100064,9.189398208619606,3.312912738900195,10,0.00941829736719977,0.013793161706698469,0.021032013186689204,0.02682309437068182,0.010272875335545852,10,107.17935640643614,247.3927878810224,506.6441682117102,714.0452724762615,174.23265018312614
Moonshot AI,Kimi K3,us.moonshotai.kimi-k3,moonshotai.kimi-k3,runtime,chat_completions,geo,us-east-1,small,warm_implicit,default,10,10,0,warm_miss=10,0.0,,,0,,,,,,0,,,,,,0,,,,,,0,,,,,,0,,,,,
Moonshot AI,Kimi K3,us.moonshotai.kimi-k3,moonshotai.kimi-k3,runtime,chat_completions,geo,us-east-1,small,warm_implicit,flex,10,10,0,warm_miss=10,0.0,,,0,,,,,,0,,,,,,0,,,,,,0,,,,,,0,,,,,
Moonshot AI,Kimi K3,us.moonshotai.kimi-k3,moonshotai.kimi-k3,runtime,chat_completions,geo,us-east-1,small,warm_implicit,priority,10,10,0,warm_miss=10,0.0,,,0,,,,,,0,,,,,,0,,,,,,0,,,,,,0,,,,,
Moonshot AI,Kimi K3,us.moonshotai.kimi-k3,moonshotai.kimi-k3,runtime,chat_completions,geo,us-east-1,medium,cold,default,10,10,0,,0.0,8417.5,127.4,10,1.5666585180006223,1.8034792811984517,1.817860098598794,1.8293647525190682,1.6170187340001576,10,1.5666585180006223,1.8034792811984517,1.817860098598794,1.8293647525190682,1.6170187340001576,10,2.672714554500999,3.44264982780005,4.182077748900699,4.773620085781222,2.706796485700761,10,0.007307588842104983,0.010894993736756262,0.01238379383776748,0.013574833918576458,0.007288402173630905,10,141.57595010901218,1750.1080401985935,8546.622016298763,13983.833197178923,1662.3499076470537
Moonshot AI,Kimi K3,us.moonshotai.kimi-k3,moonshotai.kimi-k3,runtime,chat_completions,geo,us-east-1,medium,cold,flex,10,10,0,,0.0,8398.4,134.0,10,2.7456324784998287,3.010690605299896,3.8991606076502627,4.60993660953056,2.8620484725001005,10,2.7456324784998287,3.010690605299896,3.8991606076502627,4.60993660953056,2.8620484725001005,10,2.888822604500092,4.089609234897943,4.505139459447673,4.837563639087457,3.1704396767996514,10,0.0010486882604407981,0.005231158681346518,0.0053983293652152915,0.005532065912310311,0.001973250680353835,10,956.3170979609066,1244.2531815317313,1278.11223301857,1305.1994742080408,830.1633989090581
Moonshot AI,Kimi K3,us.moonshotai.kimi-k3,moonshotai.kimi-k3,runtime,chat_completions,geo,us-east-1,medium,cold,priority,10,10,0,,0.0,8388.7,136.1,10,1.4813029235010617,2.935027648301544,8.28603741865098,12.566845234930554,2.710875269900498,10,1.4813029235010617,2.935027648301544,8.28603741865098,12.566845234930554,2.710875269900498,10,2.619507514502402,6.4683944191991,10.503098375599976,13.73086154072069,4.129096532801123,10,0.009107473320521104,0.012544138182798483,0.014516758742610549,0.016094855190460212,0.00985251629266636,10,109.80104193603495,134.06007736665325,136.67221136193135,138.7619185581538,107.48376239803831
Moonshot AI,Kimi K3,us.moonshotai.kimi-k3,moonshotai.kimi-k3,runtime,chat_completions,geo,us-east-1,medium,warm_implicit,default,10,10,0,warm_miss=10,0.0,,,0,,,,,,0,,,,,,0,,,,,,0,,,,,,0,,,,,
Moonshot AI,Kimi K3,us.moonshotai.kimi-k3,moonshotai.kimi-k3,runtime,chat_completions,geo,us-east-1,medium,warm_implicit,flex,10,10,0,warm_miss=10,0.0,,,0,,,,,,0,,,,,,0,,,,,,0,,,,,,0,,,,,
Moonshot AI,Kimi K3,us.moonshotai.kimi-k3,moonshotai.kimi-k3,runtime,chat_completions,geo,us-east-1,medium,warm_implicit,priority,10,10,0,warm_miss=10,0.0,,,0,,,,,,0,,,,,,0,,,,,,0,,,,,,0,,,,,
Moonshot AI,Kimi K3,us.moonshotai.kimi-k3,moonshotai.kimi-k3,runtime,converse_stream,geo,us-east-1,small,cold,default,10,10,0,,0.0,1442.4,495.7,10,0.8124782334998599,0.9522261296013311,0.9939703823014496,1.0273657844615445,0.8343258444001549,10,4.1807546,5.669967685901247,6.287088586450681,6.7807853068902295,4.498227956799928,10,5.576652989999275,6.913559340200481,7.426694575100463,7.83720276302045,5.64106438609997,10,0.009702659455102723,0.01297326965934637,0.013443358249439244,0.013819429121513547,0.0097820612974768,10,103.35363533890197,152.3522655187749,156.5780708274958,159.95871507447254,109.86973146270444
Moonshot AI,Kimi K3,us.moonshotai.kimi-k3,moonshotai.kimi-k3,runtime,converse_stream,geo,us-east-1,small,cold,flex,10,10,0,,0.0,1405.0,511.2,10,2.3648150284998337,2.4061248916001206,2.4282082528005047,2.4458749417608123,2.36206975360019,10,4.431886221999775,5.8804328346004695,6.064011808799933,6.210874988159503,4.823581418300091,10,5.329047626999454,5.936551101401528,6.119694033701034,6.26620837954064,5.168890990200088,10,0.005845297331701384,0.006837998886107133,0.007266479664189293,0.007609264286655023,0.005503285486897597,10,171.52434090238324,304.2144095650316,415.746245248845,504.9717137958962,212.24092996655864
Moonshot AI,Kimi K3,us.moonshotai.kimi-k3,moonshotai.kimi-k3,runtime,converse_stream,geo,us-east-1,small,cold,priority,10,10,0,,0.0,1418.3,510.3,10,0.7657057940004961,0.8216817602002265,0.8387281706007342,0.8523652989211405,0.7694955862003553,10,4.094879676999881,5.748007869499633,6.535113019249728,7.164797139049806,4.329027549300008,10,4.919265301500673,7.130120009400525,8.21955407220057,9.09110132244061,5.297366787700048,10,0.008196138471583294,0.012359786472212208,0.014523670080529565,0.01625477696718346,0.008890607799404392,10,123.07336569254569,182.5779626042211,190.87106813990937,197.50555256846,126.64962548543674
Moonshot AI,Kimi K3,us.moonshotai.kimi-k3,moonshotai.kimi-k3,runtime,converse_stream,geo,us-east-1,small,warm_implicit,default,10,10,0,warm_miss=10,0.0,,,0,,,,,,0,,,,,,0,,,,,,0,,,,,,0,,,,,
Moonshot AI,Kimi K3,us.moonshotai.kimi-k3,moonshotai.kimi-k3,runtime,converse_stream,geo,us-east-1,small,warm_implicit,flex,10,10,0,warm_miss=10,0.0,,,0,,,,,,0,,,,,,0,,,,,,0,,,,,,0,,,,,
Moonshot AI,Kimi K3,us.moonshotai.kimi-k3,moonshotai.kimi-k3,runtime,converse_stream,geo,us-east-1,small,warm_implicit,priority,10,10,0,warm_miss=10,0.0,,,0,,,,,,0,,,,,,0,,,,,,0,,,,,,0,,,,,
Moonshot AI,Kimi K3,us.moonshotai.kimi-k3,moonshotai.kimi-k3,runtime,converse_stream,geo,us-east-1,medium,cold,default,10,10,0,,0.0,8466.4,497.7,10,1.3689164234992859,1.5277487375997223,1.7226682113000602,1.8786037902603312,1.3686969708996912,10,5.409867761500209,9.304699803899165,10.95573961994896,12.2765714727888,6.285621244300091,10,6.254009799499727,10.293769544900169,11.888686580449844,13.164620208889593,7.1907368626998505,10,0.009530525903131193,0.017673893369278548,0.020672114513407367,0.023070691428710433,0.01164058454420322,10,105.05977166027614,122.69596081342522,126.73435771773637,129.96507524118533,96.2989107816393
Moonshot AI,Kimi K3,us.moonshotai.kimi-k3,moonshotai.kimi-k3,runtime,converse_stream,geo,us-east-1,medium,cold,flex,10,10,0,,0.0,8452.0,474.6,10,2.5672047045009094,2.63690996479927,2.6746001143998,2.704752234080224,2.5764160447002724,10,6.438341027999741,6.900380590200074,7.743347294099656,8.417720657219325,5.999588135500199,10,6.734121860499727,8.331375852499331,8.992559986249578,9.52150729324978,6.7971056537999175,10,0.008297974776722412,0.01182483882206813,0.01516769121903339,0.01784197313660561,0.009089679251815759,10,120.53113176365486,155.21743967297843,196.20478478129343,228.99466086794556,125.3125989564988
Moonshot AI,Kimi K3,us.moonshotai.kimi-k3,moonshotai.kimi-k3,runtime,converse_stream,geo,us-east-1,medium,cold,priority,10,10,0,,0.0,8464.9,485.9,10,1.1716672695010857,1.5677724515997389,2.6155880808004417,3.4538405841610076,1.4334936185005063,10,5.524950800499937,7.6336776438000005,8.795812515900158,9.72552041358029,5.970256889100346,10,6.65182401400034,8.608662581400676,9.830914657200172,10.808716317839771,6.979617195300307,10,0.010431055040467853,0.014610553509587792,0.016814320002347793,0.0185773331965558,0.011349526082784988,10,95.88342297494117,115.39586167149268,118.9995566299732,121.88251259675762,93.44851329829825
Moonshot AI,Kimi K3,us.moonshotai.kimi-k3,moonshotai.kimi-k3,runtime,converse_stream,geo,us-east-1,medium,warm_implicit,default,10,10,0,warm_miss=10,0.0,,,0,,,,,,0,,,,,,0,,,,,,0,,,,,,0,,,,,
Moonshot AI,Kimi K3,us.moonshotai.kimi-k3,moonshotai.kimi-k3,runtime,converse_stream,geo,us-east-1,medium,warm_implicit,flex,10,10,0,warm_miss=10,0.0,,,0,,,,,,0,,,,,,0,,,,,,0,,,,,,0,,,,,
Moonshot AI,Kimi K3,us.moonshotai.kimi-k3,moonshotai.kimi-k3,runtime,converse_stream,geo,us-east-1,medium,warm_implicit,priority,10,10,0,warm_miss=10,0.0,,,0,,,,,,0,,,,,,0,,,,,,0,,,,,,0,,,,,
Moonshot AI,Kimi K3,us.moonshotai.kimi-k3,moonshotai.kimi-k3,runtime,invoke_stream,geo,us-east-1,small,cold,default,10,10,0,,0.0,1349.7,147.6,10,1.061364829998638,2.79514919019784,7.900880074599251,11.985464782120399,2.221799048899629,10,1.061364829998638,2.79514919019784,7.900880074599251,11.985464782120399,2.221799048899629,10,2.4669020974997693,11.389802416500242,12.408253394251549,13.223014176452597,5.115418497000064,10,0.007940469258380656,0.059654464848505034,0.12577617078676925,0.17867353553738088,0.030329912768417244,10,125.94084924102089,142.62702439289495,142.65549362009023,142.67826900184647,101.95083558235893
Moonshot AI,Kimi K3,us.moonshotai.kimi-k3,moonshotai.kimi-k3,runtime,invoke_stream,geo,us-east-1,small,cold,flex,10,10,0,,0.0,1343.2,100.8,10,1.605897121999078,2.2270321251988205,2.3226565320996087,2.3991560576202393,1.6910493012997905,10,1.605897121999078,2.2270321251988205,2.3226565320996087,2.3991560576202393,1.6910493012997905,10,1.6086223929978587,2.279051348600478,2.3813226983005733,2.4631397780606497,1.7161674204991868,10,3.3469957877375184e-05,0.0006517625776591371,0.0006720602271981415,0.0006882983468293451,0.00023780927193497932,10,30777.84644122512,44989.810707286924,45721.11383380784,46306.15633502457,23967.770205837107
Moonshot AI,Kimi K3,us.moonshotai.kimi-k3,moonshotai.kimi-k3,runtime,invoke_stream,geo,us-east-1,small,cold,priority,10,10,0,,0.0,1331.4,180.9,10,0.8158260390009673,0.8814919628017378,0.9648287084017282,1.031498104881721,0.8311462114004826,10,0.8158260390009673,0.8814919628017378,0.9648287084017282,1.031498104881721,0.8311462114004826,10,2.7442095745009283,3.698508573799335,4.818282772400195,5.714102131280888,2.9127631631006805,10,0.010508467576621494,0.0157107203285729,0.017412347660634497,0.018773649526283784,0.011082766464731459,10,95.1680391230484,140.4174842669015,150.09561932144084,157.83812736507232,100.2591730781403
Moonshot AI,Kimi K3,us.moonshotai.kimi-k3,moonshotai.kimi-k3,runtime,invoke_stream,geo,us-east-1,small,warm_implicit,default,10,10,0,warm_miss=10,0.0,,,0,,,,,,0,,,,,,0,,,,,,0,,,,,,0,,,,,
Moonshot AI,Kimi K3,us.moonshotai.kimi-k3,moonshotai.kimi-k3,runtime,invoke_stream,geo,us-east-1,small,warm_implicit,flex,10,10,0,warm_miss=10,0.0,,,0,,,,,,0,,,,,,0,,,,,,0,,,,,,0,,,,,
Moonshot AI,Kimi K3,us.moonshotai.kimi-k3,moonshotai.kimi-k3,runtime,invoke_stream,geo,us-east-1,small,warm_implicit,priority,10,10,0,warm_miss=10,0.0,,,0,,,,,,0,,,,,,0,,,,,,0,,,,,,0,,,,,
Moonshot AI,Kimi K3,us.moonshotai.kimi-k3,moonshotai.kimi-k3,runtime,invoke_stream,geo,us-east-1,medium,cold,default,10,10,0,,0.0,8417.8,125.5,10,1.395689312000286,1.6082827202988481,1.6944732016489978,1.7634255867291178,1.4454676899998957,10,1.395689312000286,1.6082827202988481,1.6944732016489978,1.7634255867291178,1.4454676899998957,10,2.832271602000219,3.389171482300116,4.191475304649337,4.833318362528717,2.8546472780999466,10,0.010876890218424185,0.01368819142584569,0.014642919606125302,0.015406702150348997,0.01043271720952466,10,91.94892552848506,197.88457468832385,242.56797449214062,278.31469433519425,115.82472148316909
Moonshot AI,Kimi K3,us.moonshotai.kimi-k3,moonshotai.kimi-k3,runtime,invoke_stream,geo,us-east-1,medium,cold,flex,10,10,0,,0.0,8417.6,117.0,10,2.524394555000981,2.674946269499924,2.7163719982496333,2.749512581249401,2.385605166300047,10,2.524394555000981,2.674946269499924,2.7163719982496333,2.749512581249401,2.385605166300047,10,2.6226286435003203,3.7958366673990893,4.030444079199605,4.218130008640019,2.7288582826999117,10,0.0005671677793130793,0.009588949083232295,0.010910325433407357,0.011967426513547411,0.002727350802537317,10,1764.9460090183748,40486.50001221719,43714.37692062029,46296.67844734279,11201.95132298744
Moonshot AI,Kimi K3,us.moonshotai.kimi-k3,moonshotai.kimi-k3,runtime,invoke_stream,geo,us-east-1,medium,cold,priority,10,10,0,,0.0,8388.0,121.7,10,1.4079521780004143,2.096129008099888,2.3554509810493975,2.5629085594090064,1.5930808298997363,10,1.4079521780004143,2.096129008099888,2.3554509810493975,2.5629085594090064,1.5930808298997363,10,2.6041807139999946,4.002843880000182,4.041973013500046,4.073276320299938,2.7718897818000188,10,0.009727755215966716,0.014347385359606406,0.014546736777844812,0.01470621791243554,0.009536243779516672,10,102.83491646052832,197.02821321599873,242.40270636400595,278.7023008824119,127.45330143095464
Moonshot AI,Kimi K3,us.moonshotai.kimi-k3,moonshotai.kimi-k3,runtime,invoke_stream,geo,us-east-1,medium,warm_implicit,default,10,10,0,warm_miss=10,0.0,,,0,,,,,,0,,,,,,0,,,,,,0,,,,,,0,,,,,
Moonshot AI,Kimi K3,us.moonshotai.kimi-k3,moonshotai.kimi-k3,runtime,invoke_stream,geo,us-east-1,medium,warm_implicit,flex,10,10,0,warm_miss=10,0.0,,,0,,,,,,0,,,,,,0,,,,,,0,,,,,,0,,,,,
Moonshot AI,Kimi K3,us.moonshotai.kimi-k3,moonshotai.kimi-k3,runtime,invoke_stream,geo,us-east-1,medium,warm_implicit,priority,10,10,0,warm_miss=10,0.0,,,0,,,,,,0,,,,,,0,,,,,,0,,,,,,0,,,,,
Z.AI,GLM 5,zai.glm-5,zai.glm-5,runtime,chat_completions,in_region,us-east-1,small,cold,default,10,10,0,,0.0,1343.0,133.7,10,1.0267052359995432,2.0180529711989945,2.536779604598995,2.9517609113189978,1.3357178451995424,10,1.0267052359995432,2.0180529711989945,2.536779604598995,2.9517609113189978,1.3357178451995424,10,2.162430317998769,3.2392586387002664,3.4380224223499676,3.5970334492697296,2.2991589104998638,10,0.006140284051144324,0.009924472991296075,0.011219537816673758,0.012255589676975912,0.006811313013921518,10,164.05806681274368,245.1318937344515,349.72288310286706,433.39567459759996,181.4634578741031
Z.AI,GLM 5,zai.glm-5,zai.glm-5,runtime,chat_completions,in_region,us-east-1,small,cold,flex,10,10,0,,0.0,1338.3,124.3,10,3.755144041499989,10.403132724799978,12.624573563899771,14.401726235179613,4.844797729300263,10,3.755144041499989,10.403132724799978,12.624573563899771,14.401726235179613,4.844797729300263,10,3.967793004499981,10.403132724799978,12.624573563899771,14.401726235179613,5.117768190100287,10,0.0,0.0023019616870629265,0.008499515172104476,0.013457557960137742,0.00156636004660424,4,20884.223147492783,52841.458419684066,55445.975209876655,57529.588642030736,24971.744768506076
Z.AI,GLM 5,zai.glm-5,zai.glm-5,runtime,chat_completions,in_region,us-east-1,small,cold,priority,10,10,0,,0.0,1354.2,77.8,10,1.0326391784992666,2.3693604014997587,6.503471600250568,9.810760559251232,1.9581617015999655,10,1.0326391784992666,2.3693604014997587,6.503471600250568,9.810760559251232,1.9581617015999655,10,1.4913633400001345,7.575356632600959,9.106583708801187,10.331565369761375,2.922248684799888,10,0.0024445367981263642,0.012057044349975354,0.023130906416839105,0.031989996070330144,0.00633535046847393,8,189.64486973363353,143108.2690505647,143185.769061095,143247.76906951924,49573.23437958497
Z.AI,GLM 5,zai.glm-5,zai.glm-5,runtime,chat_completions,in_region,us-east-1,medium,cold,default,10,10,0,,0.0,8413.7,126.6,10,1.5781226415001584,1.7271061913001176,1.7608151301494217,1.787782281228865,1.5623131144995568,10,1.5781226415001584,1.7271061913001176,1.7608151301494217,1.787782281228865,1.5623131144995568,10,2.904951245999655,3.656559522401039,4.069667012201079,4.400153004041113,2.8065683796001393,10,0.00767091621139291,0.019814385358344906,0.05775120671367503,0.08810066379793927,0.01581107074341939,10,130.3996553858505,19370.808930780495,105449.20618177154,174311.9239825647,19267.9384965946
Z.AI,GLM 5,zai.glm-5,zai.glm-5,runtime,chat_completions,in_region,us-east-1,medium,cold,flex,10,10,0,,0.0,8418.7,133.7,10,3.0107455570005186,4.714474561900351,5.121664594449429,5.447416620488694,3.0082827264002843,10,3.0107455570005186,4.714474561900351,5.121664594449429,5.447416620488694,3.0082827264002843,10,3.0108512730002985,4.71468516320001,5.121893350099253,5.447659899618648,3.0083692335001615,10,0.0,1.1199049210038504e-06,1.12538183790538e-06,1.1297633714266039e-06,4.307871334773674e-07,4,922834.112828572,980218.9999524574,986316.5426655281,991194.5768359848,930591.5107444496
Z.AI,GLM 5,zai.glm-5,zai.glm-5,runtime,chat_completions,in_region,us-east-1,medium,cold,priority,10,10,0,,0.0,8423.0,122.0,10,1.5748832339995715,3.612530603599771,3.7731113963002825,3.901576030460692,2.183567997299724,10,1.5748832339995715,3.612530603599771,3.7731113963002825,3.901576030460692,2.183567997299724,10,2.904470005500116,4.882569165899622,5.116481622449646,5.303611587689666,3.0081711761997214,10,0.00472401828811987,0.008517297264453981,0.01284620086631922,0.016309323747811428,0.004697522765068796,10,213.24321287987465,227438.8523741775,238322.553263068,247029.51397418045,63761.158630905964
Z.AI,GLM 5,zai.glm-5,zai.glm-5,runtime,invoke_stream,in_region,us-east-1,small,cold,default,10,10,0,,0.0,1333.8,144.8,10,1.003890842999681,1.339793738199114,1.3816168785994705,1.4150753909197555,1.086079671099651,10,1.003890842999681,1.339793738199114,1.3816168785994705,1.4150753909197555,1.086079671099651,10,3.1970217279995268,4.025696505199448,4.391432894599347,4.684022006119267,2.905561021599533,10,0.01147378063509102,0.01769523940533038,0.019576986844711756,0.021082384796216866,0.012073787843456642,10,90.23505719565578,153.473353993088,181.2680644822738,203.5038328736225,100.63934015546243
Z.AI,GLM 5,zai.glm-5,zai.glm-5,runtime,invoke_stream,in_region,us-east-1,small,cold,flex,10,10,0,,0.0,1329.1,104.8,10,2.306734284500635,192.6262544693014,220.85694803165072,243.44150288153028,56.44793163610029,10,2.306734284500635,192.6262544693014,220.85694803165072,243.44150288153028,56.44793163610029,10,2.3085245580004994,192.6262544693014,220.85694803165072,243.44150288153028,56.44829838120022,10,0.0,2.9819230021740615e-06,1.4654737235383112e-05,2.3992988621950397e-05,2.6715515752275374e-06,2,1307769.9405477631,2323599.474372212,2450578.166100268,2552161.119482713,1307769.9405477631
Z.AI,GLM 5,zai.glm-5,zai.glm-5,runtime,invoke_stream,in_region,us-east-1,small,cold,priority,10,10,0,,0.0,1326.0,82.7,10,0.8751242440002898,1.2195057364013335,1.3745486482006524,1.4985829776401078,0.9334490052004185,10,0.8751242440002898,1.2195057364013335,1.3745486482006524,1.4985829776401078,0.9334490052004185,10,1.2018859040008465,3.47486368350037,4.401143114250406,5.142166658850438,1.74923583100026,10,0.0021479554401782146,0.01836808080130449,0.03028310142843263,0.03981511793013519,0.007544427900032853,9,297.1974745179268,456020.7831484534,645890.2711470416,797785.8615459125,171068.1778370718
Z.AI,GLM 5,zai.glm-5,zai.glm-5,runtime,invoke_stream,in_region,us-east-1,medium,cold,default,10,10,0,,0.0,8417.2,133.1,10,1.483298081000612,1.8876051644001564,1.9543500797008162,2.0077460119413444,1.5378142338006,10,1.483298081000612,1.8876051644001564,1.9543500797008162,2.0077460119413444,1.5378142338006,10,2.9825795320002726,3.974300636000407,4.4212026605000565,4.778724280099778,2.911093192600492,10,0.010130260588870194,0.013087716045331158,0.013271051047667607,0.013417719049536767,0.0079279303252654,10,99.14995160338441,5515.909045939675,6424.894228824532,7152.082375132421,1823.8626545511881
Z.AI,GLM 5,zai.glm-5,zai.glm-5,runtime,invoke_stream,in_region,us-east-1,medium,cold,flex,10,10,0,,0.0,8423.0,159.5,10,3.528898680999191,4.261497623800824,4.528063456900235,4.741316123379765,3.462901975499881,10,3.528898680999191,4.261497623800824,4.528063456900235,4.741316123379765,3.462901975499881,10,3.528989525499128,4.2615559340012625,4.528123320500617,4.741377229700102,3.4636322315000143,10,3.2065031463301327e-07,1.8523584242185683e-05,2.036595016942585e-05,2.1839842911217986e-05,4.20358649419836e-06,7,2437900.270752233,3864770.035727501,4085007.205551455,4261196.941410619,2215732.7049284405
Z.AI,GLM 5,zai.glm-5,zai.glm-5,runtime,invoke_stream,in_region,us-east-1,medium,cold,priority,10,10,0,,0.0,8434.6,96.6,10,1.6255542855005842,2.419515219299319,2.950682193150259,3.3756157722310127,1.7406120063002164,10,1.6255542855005842,2.419515219299319,2.950682193150259,3.3756157722310127,1.7406120063002164,10,2.7357584219989803,3.9597487139002614,5.215072749950375,6.2193319787904695,2.8977855180997723,10,0.011830069119800739,0.021141885965125184,0.027757781308136224,0.03305049758254508,0.011660370014850496,9,82.57647171553718,146590.72346883774,439443.715744638,673726.1095652789,81444.39602735755
Z.AI,GLM 5,zai.glm-5,zai.glm-5,runtime,converse_stream,in_region,us-east-1,small,cold,default,10,10,0,,0.0,1344.7,93.9,10,0.6671325729994351,2.3240183765998133,5.207170381800363,7.513691985960814,1.5783988326000327,10,0.6671325729994351,2.3240183765998133,5.207170381800363,7.513691985960814,1.5783988326000327,10,1.6740299714992943,6.5418725117006025,7.685933538351034,8.601182359671384,3.212411335700017,10,0.009472732116045834,0.03127251050293251,0.03627003992738936,0.040268063466954856,0.013441461197446694,10,105.74500541604047,429.78703470607167,598.9549366712753,734.2892582434388,191.44170226336686
Z.AI,GLM 5,zai.glm-5,zai.glm-5,runtime,converse_stream,in_region,us-east-1,small,cold,flex,10,10,0,,0.0,1327.7,110.5,10,2.140725394999208,2.7909942140004205,3.0749968594996053,3.3021989758989547,2.025560196999686,10,2.140725394999208,2.7909942140004205,3.0749968594996053,3.3021989758989547,2.025560196999686,10,2.2283623739995164,5.976842168999428,6.370479713999338,6.685389749999267,2.8250818679995064,10,0.0,0.02115180372472948,0.03828319595446513,0.05198830973825371,0.00759001635152185,4,196.60029764225337,4461.084926060782,5345.128870210546,6052.364025530359,1660.1047998150727
Z.AI,GLM 5,zai.glm-5,zai.glm-5,runtime,converse_stream,in_region,us-east-1,small,cold,priority,10,10,0,,0.0,1329.2,114.4,10,0.6577284880004299,5.5638255284999065,10.72401349274995,14.852163864150008,2.600887108000279,10,0.6577284880004299,5.5638255284999065,10.72401349274995,14.852163864150008,2.600887108000279,10,1.9223096340001575,9.934469333000376,13.89349681100065,17.060718793400884,3.930167127600362,10,0.007495777274970952,0.014324427483303462,0.02272452366447191,0.029444600609406704,0.008197967081267393,8,110.9852088791682,1821.358079624,2478.6803663655974,3004.538195758876,619.118300054835
Z.AI,GLM 5,zai.glm-5,zai.glm-5,runtime,converse_stream,in_region,us-east-1,medium,cold,default,10,10,0,,0.0,8404.8,135.1,10,1.7810803089996625,4.79860408040058,8.847231433700372,12.08613331634022,3.011456873700081,10,1.7810803089996625,4.79860408040058,8.847231433700372,12.08613331634022,3.011456873700081,10,4.003765709000618,13.216863449001174,14.179965153501323,14.950446517101446,6.032079061400327,10,0.010267547450427645,0.09864499052927939,0.23019191496465682,0.3354294545129593,0.05115851767543976,10,97.68236633645641,213.95480214945522,285.70811348950383,343.11076256154297,114.5907192831703
Z.AI,GLM 5,zai.glm-5,zai.glm-5,runtime,converse_stream,in_region,us-east-1,medium,cold,flex,10,10,0,,0.0,8407.2,105.3,10,2.5146240479998596,6.0698542935995645,6.073611206799251,6.076616737359,3.021585966800012,10,2.5146240479998596,6.0698542935995645,6.073611206799251,6.076616737359,3.021585966800012,10,2.7704467054991255,6.224635585999021,6.887339182999402,7.417502060599709,3.5830870185998718,10,0.0,0.006876353660149952,0.01585245721681354,0.023033340062144442,0.0033523340593070534,3,204.84818371652904,250.77181266469728,256.5122662832183,261.1046291780351,169.1257001397809
Z.AI,GLM 5,zai.glm-5,zai.glm-5,runtime,converse_stream,in_region,us-east-1,medium,cold,priority,10,10,0,,0.0,8410.0,125.3,10,1.1791360339993844,1.4993467250998944,1.9432578025503962,2.298386664510799,1.3112133210001047,10,1.1791360339993844,1.4993467250998944,1.9432578025503962,2.298386664510799,1.3112133210001047,10,2.491125573001227,4.343154196899377,4.762901204949684,5.098698811389932,2.8284882800999185,10,0.011436459339617375,0.019081159060797832,0.02140195668893211,0.02325859479143954,0.011111619225432447,9,77.56739357262481,3255.2491505119074,9406.533464872884,14327.560916361675,1808.2769285240327
Z.AI,GLM 5,zai.glm-5,zai.glm-5,mantle,chat_completions,in_region,us-east-1,small,cold,default,10,9,1,,0.0,1336.0,151.55555555555554,9,0.6010087600006955,2.8428229406003096,5.462112171800252,7.55754355676021,1.5612768454444046,9,0.6010087600006955,2.8428229406003096,5.462112171800252,7.55754355676021,1.5612768454444046,9,2.14406199899895,4.95681884659971,7.05455454579969,8.73274310515968,2.9599214641107716,9,0.008354119617019642,0.01285871636043589,0.015741796465929006,0.018048260550323502,0.009570043046803204,9,119.70142227347627,141.76559772307522,151.06438398311872,158.50341299115354,115.13737783582113
Z.AI,GLM 5,zai.glm-5,zai.glm-5,mantle,chat_completions,in_region,us-east-1,small,cold,flex,10,10,0,,0.0,1344.1,86.3,10,1.3176773354998659,3.027825958399078,6.009469719198835,8.394784727838651,2.1403232767997906,10,1.3176773354998659,3.027825958399078,6.009469719198835,8.394784727838651,2.1403232767997906,10,1.3176773354998659,3.027825958399078,6.009469719198835,8.394784727838651,2.1403232767997906,10,0.0,0.0,0.0,0.0,0.0,0,,,,,
Z.AI,GLM 5,zai.glm-5,zai.glm-5,mantle,chat_completions,in_region,us-east-1,small,cold,priority,10,10,0,,0.0,1329.4,103.6,10,0.5558353575006549,1.1216961275988069,1.2578105327994304,1.36670205695993,0.7270435165997696,10,0.5558353575006549,1.1216961275988069,1.2578105327994304,1.36670205695993,0.7270435165997696,10,1.4122222659998442,1.863924237300307,2.008117180650151,2.1234715353300273,1.3676195143998484,10,0.0049175672320595975,0.009832117047484008,0.015804777332590128,0.020582905560675054,0.00635949266259153,10,203.35267032539556,509.2390064673186,650.6625327588514,763.8013537920782,282.4730632054836
Z.AI,GLM 5,zai.glm-5,zai.glm-5,mantle,chat_completions,in_region,us-east-1,medium,cold,default,10,10,0,,0.0,8438.5,125.3,10,1.2399119224992319,2.8695571375992577,3.909458036299836,4.741378755260303,1.7071894642996994,10,1.2399119224992319,2.8695571375992577,3.909458036299836,4.741378755260303,1.7071894642996994,10,3.0223708035000527,5.805818043899126,6.073508944950299,6.287661665791238,3.3640501848996793,10,0.009353614776174359,0.022574115579794683,0.035726254947509126,0.04624796644168072,0.013917273883589546,10,107.27476878767676,231.71946286909443,238.8411567263428,244.53851181214154,118.60606011838806
Z.AI,GLM 5,zai.glm-5,zai.glm-5,mantle,chat_completions,in_region,us-east-1,medium,cold,flex,10,10,0,,0.0,8416.5,88.2,10,2.254207723500258,3.8656727619991207,5.274182868999102,6.400990954599092,2.5661715907997857,10,2.254207723500258,3.8656727619991207,5.274182868999102,6.400990954599092,2.5661715907997857,10,2.254207723500258,3.8656727619991207,5.274182868999102,6.400990954599092,2.570504050099771,10,0.0,2.625732909081932e-05,0.00014441530999950648,0.0002389416947264567,2.625732909081941e-05,1,3808.4604741829553,3808.4604741829553,3808.4604741829553,3808.4604741829553,3808.4604741829553
Z.AI,GLM 5,zai.glm-5,zai.glm-5,mantle,chat_completions,in_region,us-east-1,medium,cold,priority,10,10,0,,0.0,8431.4,163.0,10,1.0338617895013158,1.5437137717992298,1.7819479108989975,1.9725352221788126,1.2352433384001416,10,1.0338617895013158,1.5437137717992298,1.7819479108989975,1.9725352221788126,1.2352433384001416,10,2.2958030240006337,4.602886260700869,6.28616404435024,7.632786271269743,3.11105926420023,10,0.006054819050705937,0.016442289241476123,0.026019685763596104,0.03368160298129213,0.010780703687002667,10,165.22312718045276,217.92770170987666,228.8743903978232,237.63174134818044,141.12563501041606
Z.AI,GLM 5.3,us.zai.glm-5.3,zai.glm-5.3,runtime,responses,geo,us-east-1,small,cold,default,10,10,0,,0.0,1349.3,189.6,10,3.5074932070001523,9.448429667598244,13.117449081799341,16.052664613160232,4.974790900399967,10,3.5074932070001523,9.448429667598244,13.117449081799341,16.052664613160232,4.974790900399967,10,4.815952250000919,10.11554675559855,14.23003872429962,17.521632299260492,6.306545301000005,10,0.006079040707629648,0.010094883633915374,0.010495211736538994,0.010815474218637891,0.007247243627196516,10,164.5440256324615,195.99943534905972,200.97034330394646,204.94706966785589,149.31283636691745
Z.AI,GLM 5.3,us.zai.glm-5.3,zai.glm-5.3,runtime,responses,geo,us-east-1,small,cold,flex,10,10,0,,0.0,1368.2,144.8,10,21.36531570850275,37.40616884319788,39.52434027759973,41.21887742512121,22.04496368560067,10,21.36531570850275,37.40616884319788,39.52434027759973,41.21887742512121,22.04496368560067,10,21.692300761002116,37.48442070950004,39.627922312250476,41.34272359445084,22.32056260460049,10,0.001214893289120393,0.0030826579177808404,0.0033505031903706167,0.003564779408442439,0.001729930446352625,10,842.354839664285,1335.436187864209,1356.2057811325406,1372.8214557472058,833.5235011578592
Z.AI,GLM 5.3,us.zai.glm-5.3,zai.glm-5.3,runtime,responses,geo,us-east-1,small,cold,priority,10,10,0,,0.0,1341.8,167.0,10,1.1729541580007208,1.2422698628011857,1.3314712244016844,1.4028323136820837,1.1984187567006301,10,1.1729541580007208,1.2422698628011857,1.3314712244016844,1.4028323136820837,1.1984187567006301,10,2.316686579499219,4.723558755098565,5.798405009049927,6.658282012211021,2.9185828251003842,10,0.007284062383322474,0.015082304253106076,0.01974877504107863,0.02348195167145669,0.009178320517141582,10,137.81437154262113,211.12758113655855,231.79413082800122,248.3273705811554,141.5540578420293
Z.AI,GLM 5.3,us.zai.glm-5.3,zai.glm-5.3,runtime,responses,geo,us-east-1,small,warm_implicit,default,10,10,0,warm_miss=10,0.0,,,0,,,,,,0,,,,,,0,,,,,,0,,,,,,0,,,,,
Z.AI,GLM 5.3,us.zai.glm-5.3,zai.glm-5.3,runtime,responses,geo,us-east-1,small,warm_implicit,flex,10,10,0,warm_miss=10,0.0,,,0,,,,,,0,,,,,,0,,,,,,0,,,,,,0,,,,,
Z.AI,GLM 5.3,us.zai.glm-5.3,zai.glm-5.3,runtime,responses,geo,us-east-1,small,warm_implicit,priority,10,10,0,warm_miss=10,0.0,,,0,,,,,,0,,,,,,0,,,,,,0,,,,,,0,,,,,
Z.AI,GLM 5.3,us.zai.glm-5.3,zai.glm-5.3,runtime,responses,geo,us-east-1,medium,cold,default,10,9,1,,0.0,8432.777777777777,153.44444444444446,9,3.5447437900002114,11.393962949200068,12.83282648960012,13.983917321920162,5.152379231333018,9,3.5447437900002114,11.393962949200068,12.83282648960012,13.983917321920162,5.152379231333018,9,4.626288129999011,12.316655296602404,13.323752573801903,14.129430395561503,6.370718331222936,9,0.00772284510949381,0.009348076800830933,0.009697425679484221,0.009976904782406853,0.007096793487320592,9,129.48595832521423,262.409325568444,427.0135361686754,558.6969046488608,184.24407586922683
Z.AI,GLM 5.3,us.zai.glm-5.3,zai.glm-5.3,runtime,responses,geo,us-east-1,medium,cold,flex,10,10,0,,0.0,8433.3,183.6,10,13.297136942499492,60.71929454179917,63.56433990890036,65.84037620258133,27.702071699699808,10,13.297136942499492,60.71929454179917,63.56433990890036,65.84037620258133,27.702071699699808,10,14.059247666000374,61.29691501049892,64.4772337672497,67.02148877265034,28.29192222560014,10,0.0015530119466162816,0.008103249881491414,0.008184629073192515,0.008249732426553394,0.003590712466747353,10,663.9593592044548,1395.7036126748358,1536.2921396415977,1648.7629612150076,708.5560322762647
Z.AI,GLM 5.3,us.zai.glm-5.3,zai.glm-5.3,runtime,responses,geo,us-east-1,medium,cold,priority,10,10,0,,0.0,8441.8,176.3,10,1.369302440500178,1.642619183598799,1.761767580799096,1.857086298559334,1.4415838672994141,10,1.369302440500178,1.642619183598799,1.761767580799096,1.857086298559334,1.4415838672994141,10,2.6096052785014763,4.806429277297139,5.093459830147912,5.323084272428532,2.934562057299263,10,0.00749229884942987,0.010985476735354948,0.011197677807673318,0.011367438665528017,0.0075335433424968175,10,133.49824197232215,216.15928045045385,231.94089600517523,244.5661884489524,147.1663988310291
Z.AI,GLM 5.3,us.zai.glm-5.3,zai.glm-5.3,runtime,responses,geo,us-east-1,medium,warm_implicit,default,10,10,0,warm_miss=10,0.0,,,0,,,,,,0,,,,,,0,,,,,,0,,,,,,0,,,,,
Z.AI,GLM 5.3,us.zai.glm-5.3,zai.glm-5.3,runtime,responses,geo,us-east-1,medium,warm_implicit,flex,10,10,0,warm_miss=10,0.0,,,0,,,,,,0,,,,,,0,,,,,,0,,,,,,0,,,,,
Z.AI,GLM 5.3,us.zai.glm-5.3,zai.glm-5.3,runtime,responses,geo,us-east-1,medium,warm_implicit,priority,10,10,0,warm_miss=10,0.0,,,0,,,,,,0,,,,,,0,,,,,,0,,,,,,0,,,,,
Z.AI,GLM 5.3,us.zai.glm-5.3,zai.glm-5.3,runtime,chat_completions,geo,us-east-1,small,cold,default,10,9,1,,0.0,1363.888888888889,146.0,9,2.9306250949994137,4.729354929998954,5.10207022399918,5.4002424591993625,3.2460581893323655,9,2.9306250949994137,4.729354929998954,5.10207022399918,5.4002424591993625,3.2460581893323655,9,4.5057198489994335,5.397499070799677,5.578506342400215,5.723312159680645,4.186907303332798,9,0.005328151362497617,0.008892486673047595,0.009699723308019059,0.01034551261599623,0.006260543273806635,9,187.68235584269163,237.362544949822,241.4631974234979,244.74371940243861,175.15596652009356
Z.AI,GLM 5.3,us.zai.glm-5.3,zai.glm-5.3,runtime,chat_completions,geo,us-east-1,small,cold,priority,10,10,0,,0.0,1350.3,151.1,10,1.1652239255017776,4.442323524098162,18.492309731049648,29.73229869661089,4.304606005200549,10,1.1652239255017776,4.442323524098162,18.492309731049648,29.73229869661089,4.304606005200549,10,2.4700355879995186,6.852323643699845,20.76894603985071,31.902243956771457,5.65957927940035,10,0.007595227463586887,0.013332569806940954,0.013517513839777963,0.013665469066047571,0.008508708736859865,10,131.8227751382961,174.2593561671369,224.38865069394615,264.49208631539375,135.69951670845626
Z.AI,GLM 5.3,us.zai.glm-5.3,zai.glm-5.3,runtime,chat_completions,geo,us-east-1,small,warm_implicit,default,10,10,0,warm_miss=10,0.0,,,0,,,,,,0,,,,,,0,,,,,,0,,,,,,0,,,,,
Z.AI,GLM 5.3,us.zai.glm-5.3,zai.glm-5.3,runtime,chat_completions,geo,us-east-1,small,warm_implicit,flex,10,10,0,warm_miss=10,0.0,,,0,,,,,,0,,,,,,0,,,,,,0,,,,,,0,,,,,
Z.AI,GLM 5.3,us.zai.glm-5.3,zai.glm-5.3,runtime,chat_completions,geo,us-east-1,small,warm_implicit,priority,10,10,0,warm_miss=10,0.0,,,0,,,,,,0,,,,,,0,,,,,,0,,,,,,0,,,,,
Z.AI,GLM 5.3,us.zai.glm-5.3,zai.glm-5.3,runtime,chat_completions,geo,us-east-1,medium,cold,default,10,10,0,,0.0,8424.3,170.8,10,3.6905639034994238,11.720958367900126,16.316134168450198,19.992274808890272,6.039740310299931,10,3.6905639034994238,11.720958367900126,16.316134168450198,19.992274808890272,6.039740310299931,10,4.849066565499015,14.239033905200264,18.244917908600826,21.449625111321293,7.801609944599659,10,0.009090055216796265,0.013633463867573121,0.013687687379964494,0.013731066189877593,0.009386565777259359,10,110.01985062974248,142.2164214101578,214.6499678228971,272.59680495308885,121.50750115286255
Z.AI,GLM 5.3,us.zai.glm-5.3,zai.glm-5.3,runtime,chat_completions,geo,us-east-1,medium,cold,flex,10,10,0,,0.0,8457.5,136.1,10,26.007143032499698,71.12834115289985,110.62411398395005,142.2207322487904,39.81414463710007,10,26.007143032499698,71.12834115289985,110.62411398395005,142.2207322487904,39.81414463710007,10,27.2332298249994,71.26098342079892,110.77140313490008,142.37973890618116,40.19160443719993,10,0.0011502431620394337,0.003776326653471853,0.005589647151269438,0.007040303549507513,0.0021002537921356182,10,869.5374414451426,1353.7909678646538,1394.8112999133239,1427.62756555226,809.5600275006209
Z.AI,GLM 5.3,us.zai.glm-5.3,zai.glm-5.3,runtime,chat_completions,geo,us-east-1,medium,cold,priority,10,10,0,,0.0,8436.6,167.6,10,1.5025324560001536,3.246879758698736,10.662164225849557,16.594391799570243,3.1179691234998246,10,1.5025324560001536,3.246879758698736,10.662164225849557,16.594391799570243,3.1179691234998246,10,3.0404885895004554,5.344843927299365,13.178968543150203,19.446268235830907,4.707234712699756,10,0.009168157963933162,0.011221078847768863,0.013502056805606651,0.01532683917187689,0.009473208594984909,10,109.39531026827387,143.19312945731792,146.5569578823196,149.24802062232098,111.43668453720575
Z.AI,GLM 5.3,us.zai.glm-5.3,zai.glm-5.3,runtime,chat_completions,geo,us-east-1,medium,warm_implicit,default,10,10,0,warm_miss=10,0.0,,,0,,,,,,0,,,,,,0,,,,,,0,,,,,,0,,,,,
Z.AI,GLM 5.3,us.zai.glm-5.3,zai.glm-5.3,runtime,chat_completions,geo,us-east-1,medium,warm_implicit,flex,10,10,0,warm_miss=10,0.0,,,0,,,,,,0,,,,,,0,,,,,,0,,,,,,0,,,,,
Z.AI,GLM 5.3,us.zai.glm-5.3,zai.glm-5.3,runtime,chat_completions,geo,us-east-1,medium,warm_implicit,priority,10,10,0,warm_miss=10,0.0,,,0,,,,,,0,,,,,,0,,,,,,0,,,,,,0,,,,,
Z.AI,GLM 5.3,us.zai.glm-5.3,zai.glm-5.3,runtime,converse_stream,geo,us-east-1,small,cold,default,10,10,0,,0.0,1372.0,172.4,10,1.8399739524993493,7.175785565501427,8.131471083251197,8.896019497451016,3.4121533643001385,10,1.8399739524993493,7.175785565501427,8.131471083251197,8.896019497451016,3.4121533643001385,10,3.9945185979995586,8.278128521101461,9.18054022905071,9.902469595410112,4.652991979400213,10,0.006285008912693491,0.008135846116376641,0.0097339591043841,0.011012449494790076,0.006188364652197657,10,159.1761434920395,269.7939637712302,375.1809371078173,459.4905157770873,195.3827738044103
Z.AI,GLM 5.3,us.zai.glm-5.3,zai.glm-5.3,runtime,converse_stream,geo,us-east-1,small,cold,flex,10,10,0,,0.0,1356.1,204.1,10,24.703733656999248,59.172046014899564,65.47735729244985,70.52160631449011,29.29957509079959,10,24.703733656999248,59.172046014899564,65.47735729244985,70.52160631449011,29.29957509079959,10,24.954010837999704,62.90630456840026,67.39188973820026,70.9803578740403,29.917928854999992,10,0.0007823673453080588,0.003881362844379319,0.005990233411427188,0.007677329865065491,0.0018262716204902544,10,1318.7896625553294,2325.03429191076,3092.0228310734055,3705.6136624035244,1410.7904643164181
Z.AI,GLM 5.3,us.zai.glm-5.3,zai.glm-5.3,runtime,converse_stream,geo,us-east-1,small,cold,priority,10,10,0,,0.0,1351.9,173.6,10,0.9393602405007186,1.0455704695998065,1.0872104212995508,1.1205223826593464,0.9658163649000926,10,0.9393602405007186,1.0455704695998065,1.0872104212995508,1.1205223826593464,0.9658163649000926,10,2.0207718085002853,3.3362427098001715,3.4555140119001404,3.550931053580116,2.2645733195000504,10,0.0074267251049228294,0.011464609561395604,0.01190489373403263,0.012257121072142252,0.007576856051662395,10,134.66434836165445,220.89155030524392,221.63796051128244,222.23508867611326,146.59372845585125
Z.AI,GLM 5.3,us.zai.glm-5.3,zai.glm-5.3,runtime,converse_stream,geo,us-east-1,small,warm_implicit,default,10,10,0,warm_miss=10,0.0,,,0,,,,,,0,,,,,,0,,,,,,0,,,,,,0,,,,,
Z.AI,GLM 5.3,us.zai.glm-5.3,zai.glm-5.3,runtime,converse_stream,geo,us-east-1,small,warm_implicit,flex,10,10,0,warm_miss=10,0.0,,,0,,,,,,0,,,,,,0,,,,,,0,,,,,,0,,,,,
Z.AI,GLM 5.3,us.zai.glm-5.3,zai.glm-5.3,runtime,converse_stream,geo,us-east-1,small,warm_implicit,priority,10,10,0,warm_miss=10,0.0,,,0,,,,,,0,,,,,,0,,,,,,0,,,,,,0,,,,,
Z.AI,GLM 5.3,us.zai.glm-5.3,zai.glm-5.3,runtime,converse_stream,geo,us-east-1,medium,cold,default,10,9,1,,0.0,8436.888888888889,202.88888888888889,9,4.512090735999664,9.06922307999994,12.178240280001043,14.665454040001931,5.306363997111071,9,4.512090735999664,9.06922307999994,12.178240280001043,14.665454040001931,5.306363997111071,9,5.999017655001808,11.775290487601161,14.448431712801536,16.586944692961843,6.921824025111467,9,0.007869509864644667,0.010895869038104853,0.0121699986012586,0.0131893022517816,0.008144066965527226,9,127.0727170052481,164.53100186127023,167.83679934681933,170.48143733525862,131.0370410620732
Z.AI,GLM 5.3,us.zai.glm-5.3,zai.glm-5.3,runtime,converse_stream,geo,us-east-1,medium,cold,flex,10,10,0,,0.0,8442.4,147.2,10,6.921424767500866,39.364568403400696,43.100224451199566,46.088749289438674,15.635301782600072,10,6.921424767500866,39.364568403400696,43.100224451199566,46.088749289438674,15.635301782600072,10,7.200164819498241,40.081619229799976,44.540671366399316,48.10791307567881,16.02985161539982,10,0.00043837552706937736,0.008711137463938163,0.009847556051766612,0.010756690922029376,0.0024480690031740493,10,2283.4729277147,4076.7817668579705,4381.902758332524,4625.999551512167,2230.0096185255006
Z.AI,GLM 5.3,us.zai.glm-5.3,zai.glm-5.3,runtime,converse_stream,geo,us-east-1,medium,cold,priority,10,10,0,,0.0,8430.7,161.8,10,1.2498480540016317,3.0588772043982257,10.59238828919968,16.619197157040873,2.9583624139002493,10,1.2498480540016317,3.0588772043982257,10.59238828919968,16.619197157040873,2.9583624139002493,10,2.661636520500906,4.840846716398659,12.152792336199838,18.00234883204081,4.157541613400099,10,0.007064793072707829,0.010292231707092451,0.011709050079035832,0.012842504776590541,0.007210737097251339,10,141.73130589986187,252.14817050057647,295.32979397408707,329.8750927528957,165.0706130058466
Z.AI,GLM 5.3,us.zai.glm-5.3,zai.glm-5.3,runtime,converse_stream,geo,us-east-1,medium,warm_implicit,default,10,10,0,warm_miss=10,0.0,,,0,,,,,,0,,,,,,0,,,,,,0,,,,,,0,,,,,
Z.AI,GLM 5.3,us.zai.glm-5.3,zai.glm-5.3,runtime,converse_stream,geo,us-east-1,medium,warm_implicit,flex,10,9,1,warm_miss=9,0.0,,,0,,,,,,0,,,,,,0,,,,,,0,,,,,,0,,,,,
Z.AI,GLM 5.3,us.zai.glm-5.3,zai.glm-5.3,runtime,converse_stream,geo,us-east-1,medium,warm_implicit,priority,10,10,0,warm_miss=10,0.0,,,0,,,,,,0,,,,,,0,,,,,,0,,,,,,0,,,,,
Z.AI,GLM 5.3,us.zai.glm-5.3,zai.glm-5.3,runtime,invoke_stream,geo,us-east-1,small,cold,default,10,10,0,,0.0,1348.5,170.1,10,3.9860675409981923,12.19949748100079,22.887878288500517,31.43858293450034,7.168903245399633,10,3.9860675409981923,12.19949748100079,22.887878288500517,31.43858293450034,7.168903245399633,10,5.299648661499305,13.840121730899401,24.833392144949876,33.6280084761903,8.346105721299683,10,0.006603468070155823,0.00862579622091854,0.008706392535035927,0.008770869586329838,0.006251541825473821,10,151.5335816439589,694.9537338755382,2834.554720680534,4546.235510124539,632.5353793366933
Z.AI,GLM 5.3,us.zai.glm-5.3,zai.glm-5.3,runtime,invoke_stream,geo,us-east-1,small,cold,flex,10,10,0,,0.0,1356.2,177.2,10,17.885657213500963,27.534398756901638,40.412772504952194,50.71547150339269,18.797435383701306,10,17.885657213500963,27.534398756901638,40.412772504952194,50.71547150339269,18.797435383701306,10,17.97698751200005,27.757315260301027,40.79836884765115,51.2312117175313,18.998529088600844,10,0.0008707347010565563,0.002425263087420723,0.0024817893724106326,0.00252701040040256,0.0009712733794827441,10,1157.5815663936728,15495.332275457087,25672.41089900733,33814.07379784756,6914.232409936109
Z.AI,GLM 5.3,us.zai.glm-5.3,zai.glm-5.3,runtime,invoke_stream,geo,us-east-1,small,cold,priority,10,10,0,,0.0,1356.8,153.0,10,0.9667760164993524,1.0203953745993204,1.045739732799484,1.066015219359615,0.9566161003000161,10,0.9667760164993524,1.0203953745993204,1.045739732799484,1.066015219359615,0.9566161003000161,10,1.894972181000412,4.0206982068990325,4.385100169449105,4.676621739489165,2.3193828721996397,10,0.0069204502583821385,0.010756440880444328,0.013945601142498331,0.016496929352141546,0.0074630256327901795,10,144.50126233534695,728.6636444895348,2824.3443186939417,4500.888858057475,619.6411821302275
Z.AI,GLM 5.3,us.zai.glm-5.3,zai.glm-5.3,runtime,invoke_stream,geo,us-east-1,small,warm_implicit,default,10,10,0,warm_miss=10,0.0,,,0,,,,,,0,,,,,,0,,,,,,0,,,,,,0,,,,,
Z.AI,GLM 5.3,us.zai.glm-5.3,zai.glm-5.3,runtime,invoke_stream,geo,us-east-1,small,warm_implicit,flex,10,10,0,warm_miss=10,0.0,,,0,,,,,,0,,,,,,0,,,,,,0,,,,,,0,,,,,
Z.AI,GLM 5.3,us.zai.glm-5.3,zai.glm-5.3,runtime,invoke_stream,geo,us-east-1,small,warm_implicit,priority,10,10,0,warm_miss=10,0.0,,,0,,,,,,0,,,,,,0,,,,,,0,,,,,,0,,,,,
Z.AI,GLM 5.3,us.zai.glm-5.3,zai.glm-5.3,runtime,invoke_stream,geo,us-east-1,medium,cold,default,10,8,2,,0.0,8427.375,200.125,8,6.554377763000957,15.622638450401425,19.227490581699744,22.1113722867384,8.050058890000855,8,6.554377763000957,15.622638450401425,19.227490581699744,22.1113722867384,8.050058890000855,8,8.190069551499619,17.540884913001353,21.94069668249976,25.46054609809849,9.848065676500255,8,0.009368296399568234,0.010594571277616815,0.011223241279011288,0.011726177280126867,0.008818419573684105,8,107.08676945429806,159.7796702141731,162.4710739969311,164.6241970231375,119.26903650529917
Z.AI,GLM 5.3,us.zai.glm-5.3,zai.glm-5.3,runtime,invoke_stream,geo,us-east-1,medium,cold,flex,10,10,0,,0.0,8449.9,136.6,10,36.701662070000566,78.9705396952002,81.54633777909966,83.60697624621923,42.899192100700205,10,36.701662070000566,78.9705396952002,81.54633777909966,83.60697624621923,42.899192100700205,10,36.79329763299938,78.97329445120012,81.55152752560042,83.61411398512068,43.12004114209994,10,0.0004470911641260125,0.0034287765535870366,0.00460056734512424,0.005537999978354007,0.001174509765032134,10,2490.827195281491,36927.541954842505,38441.08094821063,39651.91214290514,12699.91960693274
Z.AI,GLM 5.3,us.zai.glm-5.3,zai.glm-5.3,runtime,invoke_stream,geo,us-east-1,medium,cold,priority,10,10,0,,0.0,8434.8,160.3,10,1.2080578559998685,4.113605697100132,12.004656414550098,18.317496988510104,3.1947355740998318,10,1.2080578559998685,4.113605697100132,12.004656414550098,18.317496988510104,3.1947355740998318,10,2.4134248350001144,5.82815957370148,14.443929884849583,21.3365461337681,4.602684216299712,10,0.007699998653470175,0.012685641545817682,0.013666878791421855,0.014451868587905196,0.008397869704555038,10,130.68410027758247,188.86121973594322,191.6469400488883,193.8755162992444,134.49958310654225
Z.AI,GLM 5.3,us.zai.glm-5.3,zai.glm-5.3,runtime,invoke_stream,geo,us-east-1,medium,warm_implicit,default,10,10,0,warm_miss=10,0.0,,,0,,,,,,0,,,,,,0,,,,,,0,,,,,,0,,,,,
Z.AI,GLM 5.3,us.zai.glm-5.3,zai.glm-5.3,runtime,invoke_stream,geo,us-east-1,medium,warm_implicit,flex,10,9,1,warm_miss=9,0.0,,,0,,,,,,0,,,,,,0,,,,,,0,,,,,,0,,,,,
Z.AI,GLM 5.3,us.zai.glm-5.3,zai.glm-5.3,runtime,invoke_stream,geo,us-east-1,medium,warm_implicit,priority,10,10,0,warm_miss=10,0.0,,,0,,,,,,0,,,,,,0,,,,,,0,,,,,,0,,,,,
